Redirect from,Redirect to
/%f0%9f%8d%aa-choc-chip-high-protein-carob-cookies/,/blogs/news/choc-chip-high-protein-carob-cookies
/benefits-of-caffeine-free-carob/,/blogs/news/benefits-of-caffeine-free-carob
/carob-as-a-nighttime-alternative-the-perfect-way-to-unwind-without-stimulation/,/blogs/news/carob-as-a-nighttime-alternative-the-perfect-way-to-unwind-without-stimulation
/carob-information/,/pages/carob-information
/carobs-calming-effects-on-the-body-mind/,/blogs/news/carobs-calming-effects-on-the-body-mind
/category/uncategorized/,/blogs/news/category/uncategorized
/contact-us/,/pages/contact-us
/events-retreat-catering/,/pages/events-retreat-catering
/gfe-mail-capture/,/pages/newsletter
/how-to-buy/,/pages/how-to-buy
/ingredients/,/pages/ingredients
/lets-keep-in-touch/,/pages/newsletter
/manage-profile-2/,/account
/manage-profile/,/account
/my-account/,/account
/our-story/,/pages/our-story
/play/,/pages/play
/product-category/carob-bananas/,/collections/carob-bananas
/product-category/carob-bars/,/collections/carob-bars
/product-category/carob-crescents/,/collections/carob-crescents
/product-category/carob-elixirs/,/collections/carob-elixirs
/product-category/eclipse-bites/,/collections/eclipse-bites
/product-category/maple-moon-products/,/collections/all
/product/access-cap-ecru/,/products/access-cap-ecru
/product/bucket-hat-ecru/,/products/bucket-hat-ecru
/product/carob-coated-bananas-20g/,/products/carob-coated-bananas-20g
/product/carob-elixir-150g/,/products/carob-elixir-150g
/product/coconut-goji-carob-bar-90g-4/,/products/coconut-goji-carob-bar-90g-4
/product/eclipse-bite-bundle-5-x-50g-treats/,/products/eclipse-bite-bundle-5-x-50g
/product/goji-ripe-eclipse-bite-50g/,/products/goji-ripe-eclipse-bite-50g
/product/hazelnut-eclipse-bite-50g/,/products/hazelnut-eclipse-bite-50g
/product/lavender-bougainvillaea-bath-salts-500g/,/products/lavender-bougainvillaea-bath-salts-500g
/product/mens-classic-organic-tee/,/products/mens-classic-organic-tee
/product/mens-relax-hoodie/,/products/mens-relax-hoodie
/product/og-coconut-goji-crescent-moons-12g/,/products/og-coconut-goji-crescent-moons-12g
/product/organic-vegan-almond-chunks-rock-salt-carob-crescent-moon-12g/,/products/organic-vegan-almond-chunks-rock-salt-carob-crescent-moon-12g
/product/organic-vegan-bundle-of-carob-bars-6x90g/,/products/organic-vegan-bundle-of-carob-bars-6x90g
/product/organic-vegan-carob-almond-celtic-salt-bar-90g/,/products/organic-vegan-carob-almond-celtic-salt-bar-90g
/product/organic-vegan-carob-cayenne-chilli-celtic-salt-bar-90g/,/products/organic-vegan-carob-cayenne-chilli-celtic-salt-bar-90g
/product/organic-vegan-hazelnut-carob-bar-90g/,/products/organic-vegan-hazelnut-carob-bar-90g
/product/organic-vegan-peppermint-buckwheat-crisp-carob-bar-90g/,/products/organic-vegan-peppermint-buckwheat-crisp-carob-bar-90g
/product/organic-vegan-peppermint-buckwheat-crisp-carob-crescent-moon-12g/,/products/organic-vegan-peppermint-buckwheat-crisp-carob-crescent-moon-12g
/product/organic-vegan-pure-carob-cacao-butter-carob-bar-90g/,/products/organic-vegan-pure-carob-cacao-butter-carob-bar-90g
/product/organic-vegan-roasted-hazelnut-carob-crescent-moon-12g/,/products/organic-vegan-roasted-hazelnut-carob-crescent-moon-12g
/product/pecan-nut-eclipse-bite-50g/,/products/pecan-nut-eclipse-bite-50g
/product/premium-organic-carob-powder-roasted-300g/,/products/premium-organic-carob-powder-roasted-300g
/product/salted-almond-eclipse-bite-50g/,/products/salted-almond-eclipse-bite-50g
/product/salted-caramel-fudge-70g/,/products/salted-caramel-fudge-50g
/product/spiced-carob-elixir/,/products/spiced-carob-elixir
/product/womens-maple-organic-tee-natural/,/products/womens-maple-organic-tee-natural
/product/womens-relax-crew-jumper/,/products/womens-relax-crew-jumper
/products/,/collections/all
/rituals-recipes/,/blogs/rituals-recipes
/shipping-returns/,/policies/shipping-policy
/shop-2/,/collections/all
/shop/,/collections/all
/store-and-care/,/pages/store-and-care
/store-locator/,/pages/store-locator
/sugar-free-carob/,/blogs/news/sugar-free-carob
/why-carob-is-free-from-preservatives-stabilisers-emulsifiers/,/blogs/news/why-carob-is-free-from-preservatives-stabilisers-emulsifiers
